{
  "project_info": {
    "project_number": "454201821614",
    "firebase_url": "https://newandroid-3535d-default-rtdb.firebaseio.com",
    "project_id": "newandroid-3535d",
    "storage_bucket": "newandroid-3535d.appspot.com"
  },
  "client": [
    {
      "client_info": {
        "mobilesdk_app_id": "1:454201821614:android:784ac0e3b196e21dc4203f",
        "android_client_info": {
          "package_name": "com.example.newandroid"
        }
      },
      "oauth_client": [
        {
          "client_id": "454201821614-2fols004au8me2cqea99p76ggoqk2q0e.apps.googleusercontent.com",
          "client_type": 3
        }
      ],
      "api_key": [
        {
          "current_key": "AIzaSyDshPVXzM1qgi9FXLjrluKzT3KtfxVKjmA"
        }
      ],
      "services": {
        "appinvite_service": {
          "other_platform_oauth_client": [
            {
              "client_id": "454201821614-2fols004au8me2cqea99p76ggoqk2q0e.apps.googleusercontent.com",
              "client_type": 3
            }
          ]
        }
      }
    }
  ],
  "configuration_version": "1"
}